{
  "catalog": [
    {
      "text": "基本信息",
      "key": "basic",
			"img": "./static/data/resume/head.png"
    },
    {
      "text": "教育经历",
      "key": "edu",
			"icon": "icon-edu"
    },
    {
      "text": "活动经历",
      "key": "leader",
			"icon": "icon-activity"
    },
    {
      "text": "实习经历",
      "key": "intern",
			"icon": "icon-intern"
    },
    {
      "text": "演出经历",
      "key": "perform",
			"icon": "icon-show"
    },
    {
      "text": "设计",
      "key": "design",
			"icon": "icon-design"
    },
    {
      "text": "编程",
      "key": "programming",
			"icon": "icon-code"
    },
    {
      "text": "科研",
      "key": "research",
			"icon": "icon-research"
    }
  ],
  "content": {
    "basic": [
      {
        "item": "姓名",
        "text": "金辰浩"
      },
      {
        "item": "出生",
        "text": "1992-12"
      },
      {
        "item": "家乡",
        "text": "上海 · 金山"
      },
      {
        "item": "现居",
        "text": "上海"
      },
			{
				"item": "爱好",
				"text": "音乐、历史、游泳"
			},
      {
        "item": "TEL",
        "text": "18717899218"
      },
      {
        "item": "E-mail",
        "text": "pierrejacques@126.com"
      }
    ],
    "edu": [
      {
  			"from": "1220198400000",
  			"to": "1309449600000",
        "as": "高中",
        "at": "上海建平中学"
      },
  		{
  			"from": "1314806400000",
  			"to": "1435680000000",
        "as": "本科",
        "at": "上海交通大学数学系 · 数学与应用数学"
      },
  		{
  			"from": "1362067200000",
  			"to": "1435680000000",
        "as": "本科二专",
        "at": "上海交通大学媒体与设计学院 · 工业设计二专"
      },
  		{
  			"from": "1441036800000",
  			"to": "1519833600000",
        "as": "硕士",
        "at": "上海交通大学媒体与设计学院 · 工业设计工程硕士"
      }
    ],
    "leader": [
      {
  			"from": "1314806400000",
  			"to": "1346428800000",
        "as": "班长"
      },
  		{
  			"from": "1346428800000",
  			"to": "1409500800000",
  			"at": "上海交通大学乐队联盟",
        "as": "社长"
      },
  		{
  			"from": "1346428800000",
  			"to": "1377964800000",
  			"at": "上海交通大学艺术中心演艺部",
        "as": "部长"
      },
  		{
  			"from": "1335801600000",
  			"at": "上海交通大学史炎脱口秀专场",
        "as": "导演"
      },
  		{
  			"from": "1367337600000",
  			"at": "上海交通大学第二届绿洲音乐节",
        "as": "副导演"
      },
  		{
  			"from": "1354291200000",
  			"to": "1385827200000",
  			"at": "上海交通大学多届Soulrocker摇滚专场",
        "as": "策划"
      },
  		{
  			"from": "1335801600000",
  			"to": "1367337600000",
  			"at": "上海交通大学多届“滚”毕业生摇滚专场",
        "as": "策划"
      }
    ],
    "intern": [
      {
  			"from": "1490976000000",
  			"to": "1417363200000",
  			"at": "华为上海研究所UI设计部",
        "as": "UI设计"
      },
      {
  			"from": "1493568000000",
  			"to": "1506787200000",
  			"at": "平安科技信息安全部",
        "as": "Web开发"
      }
    ],
  	"perform": [
  		{
  			"from": "1333209600000",
  			"at": "上海交大第十七届“因乐而生”歌手大赛",
        "as": "十大歌手"
      },
  		{
  			"from": "1388505600000",
  			"to": "1433088000000",
  			"at": "安防队《闵行区青年男女防骗指南》",
        "as": "制作人"
  		},
  		{
  			"from": "1435680000000",
  			"at": "安防队专辑首发全国巡演",
        "as": "乐手"
  		},
  		{
  			"from": "1451577600000",
  			"at": "2015小河“音乐肖像”计划",
        "as": "参演乐队"
  		},
  		{
  			"from": "1467302400000",
  			"to": "1469980800000",
  			"at": "陈小熊专辑《之外》首发全国巡演",
        "as": "乐手"
  		}
  	],
    "design": {
      "note": "自幼接受系统的绘画训练，有不错的手绘功底。<br/>熟练使用基本的设计建模、平面设计、原型开发软件。了解Google Material Design设计原则。<br/>现于上海交大交互设计实验室参与美学计算相关的研究，主要聚焦于行为或神经层面的美学研究以及机器审美和设计自动化",
      "softs": [
        {
          "name": "Photoshop",
          "icon": "icon-ps",
          "color": "#2e2777"
        },
    		{
          "name": "Illustrator",
          "icon": "icon-ai",
          "color": "#ffb345"
        },
    		{
          "name": "Lightroom",
          "icon": "icon-lr",
          "color": "#151f27"
        },
    		{
          "name": "Sketch",
          "icon": "icon-sketch",
          "color": "#ffae00"
        },
    		{
          "name": "Axure RP",
          "icon": "icon-axure",
          "color": "#af35cc"
        },
    		{
          "name": "Rhinoceros",
          "icon": "icon-rhino",
          "color": "#888"
        },
    		{
          "name": "Keyshot",
          "icon": "icon-keyshot",
          "color": "#00a3ff"
        }
      ]
    },
    "programming": {
  		"note": "自高中参加NOI竞赛从Pascal开始接触算法和编程(上海市二等奖)<br/>本科接受系统的算法学习，熟悉常用的排序、优化、动态规划算法，熟悉神经网络、决策树等常用的机器学习|数据挖掘算法，略微了解一定图像处理算法<br/>研究生阶段开始接触前端编程，关注ES6和CSS3的前沿发展，有一定项目开发经历，对如何写出可维护的代码略有心得",
  		"ables": [
  			{
  				"name": "前端开发",
  				"icon": ""
  			},
  			{
  				"name": "数据挖掘&机器学习",
  				"icon": ""
  			},
  			{
  				"name": "单片机编程",
  				"icon": ""
  			}
  		],
      "langs": [
  			{
  				"name": "ES6",
  				"icon": "icon-es6",
          "color": "#f0db4f"
  			},
  			{
  				"name": "CSS3",
  				"icon": "icon-css3",
          "color": "#2aa9e0"
  			},
  			{
  				"name": "HTML5",
  				"icon": "icon-h5",
          "color": "#f1652a"
  			},
  			{
  				"name": "Matlab",
  				"icon": "icon-matlab",
          "color": "#cc570a"
  			},
  			{
  				"name": "Arduino",
  				"icon": "icon-arduino",
          "color": "#37b2b7"
  			}
  		],
  		"tools": [
  			{
  				"name": "git",
  				"icon": "icon-git",
          "color": "#f05036"
  			},
  			{
  				"name": "npm",
  				"icon": "icon-npm",
          "color": "#cc3534"
  			},
  			{
  				"name": "webpack",
  				"icon": "icon-webpack",
          "color": "#8ed6fb"
  			},
  			{
  				"name": "jquery.js",
  				"icon": "icon-jquery",
          "color": "#1168ae"
  			},
  			{
  				"name": "angular.js",
  				"icon": "icon-angular",
          "color": "#e23337"
  			},
  			{
  				"name": "Vue.js",
  				"icon": "icon-vue",
          "color": "#41b883"
  			},
  			{
  				"name": "d3.js",
  				"icon": "icon-d3",
          "color": "#f68b47"
  			},
  			{
  				"name": "materialize.css",
  				"icon": "icon-materialize",
          "color": "#f6a1ac"
  			}
  		],
      "projects": [
  			{
          "name": "平安科技zeus/vms漏洞防范平台",
          "note": "基于angular/webpack/npm"
        },
  			{
          "name": "个人主页",
          "note": "基于vue-cli"
        },
  			{
          "name": "交大Recho音频技术分享网",
          "note": "基于vue-cli"
        },
				{
					"name": "摄影师苏航的个人主页",
					"note": "基于vue-cli"
				}
      ]
    },
    "research": {
      "note": "研究生阶段主要从事两项研究：眼动行为与美感的关系，和网页图像特征提取与机器审美<br/>前者已取得不错的理论成果，论文待发表<br/>后者基于大量的网页页面，通过图像特征提取算法，试图让机器获得自动评价一个页面的排版的能力，先验尝试已取得一定效果，现仍在实验阶段",
      "projects": [
        {
          "name": "美感与眼动一致性",
          "note": ""
        },
  			{
          "name": "机器版式审美",
          "note": ""
        }
      ]
    }
  }
}
