{
  "works": [
    {
      "name": "个人主页(旧)",
      "id": "pg"
    },
    {
      "name": "movee.js",
      "id": "mv"
    },
    {
      "name": "摄影师苏航的主页",
      "id": "hs"
    },
    {
      "name": "Recho",
      "id": "rch"
    },
		{
      "name": "默马专辑",
			"id": "moma"
    },
    {
      "name": "安防队专辑",
      "id": "aft"
    }
  ],
  "pics": [
		{
      "url": "black.jpg",
      "of": "pg",
      "pageUrl": "http://jinchenhao.phonicavi.com/site"
    },
		{
      "url": "movee.jpg",
      "of": "mv",
      "pageUrl": "http://jinchenhao.phonicavi.com/movee"
    },
		{
      "url": "hangsu.jpg",
      "of": "hs",
      "pageUrl": "http://jinchenhao.phonicavi.com/hang-su"
    },
		{
      "url": "recho.jpg",
      "of": "rch",
      "pageUrl": "http://jinchenhao.phonicavi.com/recho"
    },
		{
      "url": "moma_1.jpg",
      "note": "专辑效果图",
      "of": "moma"
    },    {
      "url": "moma_2.jpg",
      "note": "专辑效果图",
      "of": "moma"
    },    {
      "url": "moma_3.jpg",
      "note": "专辑效果图",
      "of": "moma"
    },    {
      "url": "moma_4.jpg",
      "note": "专辑效果图",
      "of": "moma"
    },    {
      "url": "moma_5.jpg",
      "note": "专辑效果图",
      "of": "moma"
    },    {
      "url": "moma_6.jpg",
      "note": "专辑效果图",
      "of": "moma"
    },    {
      "url": "moma_7.jpg",
      "note": "专辑效果图",
      "of": "moma"
    },    {
      "url": "moma_8.jpg",
      "note": "专辑效果图",
      "of": "moma"
    },    {
      "url": "moma_9.jpg",
      "note": "专辑效果图",
      "of": "moma"
    },    {
      "url": "moma_10.jpg",
      "note": "专辑效果图",
      "of": "moma"
    },
		{
      "url": "aft_01.jpg",
      "of": "aft"
    }
  ]
}
